<?xml version="1.0" encoding="UTF-8" standalone="yes"?>
<addon id="plugin.video.tvrplus"
       name="TvrPlus"
       version="1.0.4"
       provider-name="kingul">
  <requires>
    <import addon="xbmc.python" version="2.1.0"/>
  </requires>
  <extension point="xbmc.python.pluginsource"
            library="default.py">
        <provides>video</provides>
  </extension>
  <extension point="xbmc.addon.metadata">
    <summary>Emisiuni TvrPlus</summary>
    <description>Urmareste emisiunile aflate pe TvrPlus.ro</description>
    <platform>all</platform>
  </extension>
</addon>
